id,pred
S_562_853,0.005470
S_556_825,0.113637
S_651_845,0.000585
S_651_842,0.001093
S_549_628,0.002048
S_612_686,0.000096
S_754_802,0.001052
S_556_829,0.013940
S_612_689,0.000089
S_651_849,0.031304
S_536_849,0.357489
S_536_845,0.000170
S_536_846,0.007057
S_658_780,0.134607
S_536_842,0.002397
S_658_783,0.000170
S_521_720,0.005779
S_549_629,0.069948
S_562_793,0.014806
S_562_790,0.006349
S_580_663,0.000069
S_580_667,0.000013
S_580_666,0.000751
S_562_701,0.005252
S_562_779,0.002226
S_612_722,0.000690
S_549_754,0.005380
S_612_754,0.000776
S_511_689,0.056352
S_511_686,0.000089
S_810_811,0.000223
S_698_708,0.002980
S_846_849,0.025556
S_637_640,1.000000
S_658_663,0.003748
S_698_702,0.010725
S_628_721,0.005324
S_511_830,0.009785
S_599_811,0.000060
S_559_640,0.005029
S_549_577,0.007979
S_780_825,0.001995
S_549_570,0.200062
S_658_786,0.000513
S_780_829,0.002697
S_708_725,0.004667
S_694_698,0.000022
S_559_628,0.001638
S_538_663,0.005019
S_509_553,0.000002
S_538_666,0.000361
S_538_667,0.001641
S_509_556,0.000054
S_509_559,0.000059
S_570_725,0.000468
S_570_722,0.000464
S_570_721,0.000541
S_559_802,0.004144
S_842_850,0.000025
S_580_849,0.000303
S_580_842,0.000006
S_580_846,0.000171
S_580_845,0.000114
S_580_689,0.000019
S_592_628,0.003226
S_592_629,0.038215
S_569_666,0.005031
S_569_667,0.000129
S_569_663,0.000680
S_570_658,0.000040
S_628_701,0.001610
S_628_702,0.001679
S_570_651,0.000754
S_629_725,0.006122
S_629_722,0.006071
S_628_708,0.001982
S_629_720,0.023612
S_629_721,0.007076
S_722_737,0.002138
S_559_737,0.079974
S_553_612,0.009199
S_509_628,0.000140
S_559_731,0.012425
S_783_842,0.000079
S_802_842,0.000038
S_509_629,0.000093
S_783_846,0.002297
S_538_793,0.008652
S_538_790,0.003749
S_783_845,0.001001
S_802_849,0.001953
S_783_849,0.004082
S_689_825,0.000408
S_663_790,0.501404
S_663_793,0.070527
S_689_829,0.000552
S_509_793,0.000332
S_509_790,0.000142
S_811_825,0.000154
S_553_850,0.000002
S_553_853,0.000040
S_640_786,0.007741
S_702_765,0.000108
S_731_779,0.005911
S_636_802,0.023227
S_804_830,0.000014
S_804_836,0.000000
S_636_804,0.000014
S_845_849,0.000753
S_845_846,0.000424
S_689_731,0.000460
S_689_737,0.000275
S_521_651,0.018788
S_671_783,0.010530
S_521_658,0.001590
S_553_580,0.000042
S_663_830,0.002969
S_671_836,0.001723
S_667_810,0.000417
S_667_811,0.000112
S_663_667,0.128570
S_670_765,0.000702
S_671_689,0.000760
S_536_612,0.000325
S_577_849,0.031721
S_580_701,0.133679
S_577_842,0.001108
S_577_845,0.000601
S_577_846,0.062147
S_507_592,0.518258
S_667_721,0.001623
S_667_722,0.001357
S_667_725,0.001412
S_670_783,0.003873
S_670_780,0.040020
S_507_599,0.000232
S_670_786,0.011668
S_708_721,0.005394
S_708_722,0.004628
S_790_850,0.006734
S_507_754,0.000098
S_562_671,0.008259
S_607_836,0.000171
S_628_686,0.000024
S_607_830,0.004730
S_536_721,0.024142
S_536_720,0.002221
S_536_722,0.019664
S_536_725,1.000000
S_708_830,0.065607
S_708_836,0.001368
S_536_549,0.002254
S_507_569,0.001626
S_737_836,0.000710
S_607_765,0.000270
S_512_521,0.007307
S_666_842,0.000135
S_737_830,0.038417
S_556_780,0.002214
S_607_636,0.004810
S_607_637,0.008588
S_599_754,0.001396
S_695_790,0.007316
S_556_786,0.050503
S_721_836,0.000262
S_549_612,1.000000
S_666_846,0.003937
S_754_836,0.000253
S_754_830,0.006987
S_629_670,0.012033
S_651_698,0.010879
S_666_849,0.006997
S_658_779,0.000139
S_651_695,0.199225
S_651_694,0.000056
S_562_786,0.008221
S_562_780,0.009660
S_640_658,0.032098
S_512_637,0.021889
S_562_783,0.002729
S_640_651,0.146174
S_580_670,0.000288
S_580_671,0.001195
S_702_731,0.001088
S_512_850,0.088097
S_512_853,0.008309
S_702_737,0.000649
S_549_765,0.002369
S_562_765,0.000495
S_658_686,0.000005
S_511_694,0.000054
S_511_695,0.008215
S_810_829,0.017989
S_779_804,0.000004
S_511_698,0.034246
S_810_825,0.408181
S_658_689,0.000249
S_612_698,0.000444
S_698_779,0.001027
S_612_694,0.000531
S_612_695,0.000362
S_701_829,0.014243
S_549_811,0.000232
S_549_810,0.019391
S_780_836,0.000141
S_698_701,0.002422
S_779_790,0.000697
S_779_793,0.001642
S_702_754,1.000000
S_629_667,0.000550
S_570_731,0.002101
S_629_663,0.002903
S_702_846,0.004859
S_538_651,0.054117
S_570_737,0.005959
S_702_849,0.027286
S_722_810,0.004609
S_559_810,0.015818
S_538_658,0.011883
S_698_829,0.002766
S_580_850,0.000003
S_580_853,0.000053
S_580_698,0.000094
S_569_695,0.000746
S_569_694,0.000106
S_569_698,0.000915
S_599_802,0.001651
S_846_853,0.054951
S_592_612,0.005814
S_580_694,0.000016
S_580_695,0.000076
S_559_658,0.000333
S_722_786,0.005887
S_559_651,0.006209
S_570_640,0.000610
S_722_783,0.001954
S_722_780,0.006900
S_559_720,0.015131
S_559_721,0.004457
S_559_722,0.003824
S_559_725,0.003856
S_553_629,0.005732
S_553_628,0.000047
S_509_637,0.000340
S_509_636,0.000097
S_802_836,0.002248
S_671_695,0.003103
S_671_694,0.002329
S_725_779,0.001607
S_689_830,0.000798
S_671_698,0.003808
S_689_836,0.000029
S_663_786,0.002815
S_663_783,0.000934
S_663_780,0.013736
S_553_829,0.004308
S_663_686,0.000027
S_553_825,0.000625
S_701_830,0.019844
S_701_836,0.026576
S_666_754,0.003769
S_731_765,0.038607
S_804_825,0.000007
S_636_810,0.068352
S_636_811,0.000306
S_845_850,0.000006
S_845_853,0.000133
S_689_725,0.009053
S_689_720,0.000605
S_666_667,0.000303
S_689_722,0.038365
S_521_640,0.015328
S_694_793,0.000035
S_701_786,0.144728
S_507_612,0.000138
S_701_783,1.000000
S_667_825,0.000288
S_701_780,0.002361
S_667_829,0.000389
S_553_559,0.003739
S_553_556,0.000637
S_536_607,0.016288
S_793_804,0.000599
S_793_802,0.000963
S_577_853,0.018233
S_577_850,0.020073
S_725_802,0.000943
S_667_754,0.001547
S_725_804,0.000066
S_556_559,0.012257
S_511_802,0.001473
S_511_804,0.000098
S_507_725,0.000088
S_507_721,0.000102
S_507_720,0.003758
S_507_722,0.000087
S_694_780,0.000022
S_507_607,0.000067
S_607_802,0.000712
S_607_804,0.000051
S_725_737,0.002156
S_725_731,0.003614
S_612_849,0.001441
S_536_731,0.001690
S_708_849,0.009668
S_536_737,0.001008
S_708_845,0.039571
S_708_846,0.005440
S_708_842,0.000186
S_562_577,0.022390
S_536_559,0.001803
S_562_570,0.000648
S_607_793,0.008395
S_536_553,0.000051
S_607_790,0.003600
S_536_556,0.001663
S_667_686,0.000005
S_694_779,0.007804
S_737_802,0.002503
S_512_538,0.005557
S_737_804,0.000005
S_512_536,0.003361
S_556_793,0.003633
S_556_790,0.001542
S_511_592,0.011872
S_549_607,0.003642
S_754_825,0.003576
S_737_793,0.002203
S_754_829,0.004834
S_511_599,0.001955
S_737_790,0.000935
S_629_651,0.009857
S_511_754,0.158478
S_658_765,0.000031
S_651_686,0.000092
S_737_845,0.026374
S_720_846,0.005537
S_559_804,0.000008
S_512_628,0.033363
S_512_629,0.003289
S_629_658,0.000529
S_737_842,0.000086
S_549_779,0.024924
S_512_849,0.012174
S_637_754,0.012329
S_512_842,0.000425
S_702_720,0.001431
S_702_721,0.262743
S_512_846,0.028322
S_512_845,0.000195
S_804_849,0.000126
S_562_754,0.049872
S_570_720,0.002559
S_810_830,0.025063
S_658_694,0.000003
S_658_695,0.080004
S_810_836,0.006614
S_658_698,0.000920
S_562_689,0.011839
S_737_849,0.004466
S_562_686,0.000079
S_780_849,0.013686
S_549_559,0.045635
S_549_802,0.005080
S_549_556,0.015026
S_780_846,0.104336
S_549_804,0.000011
S_549_553,0.025137
S_825_849,0.006639
S_779_783,0.003415
S_779_780,0.001001
S_825_842,0.000128
S_779_786,0.008952
S_651_825,0.005160
S_666_786,0.017341
S_511_570,0.000731
S_511_577,0.024640
S_651_829,0.006974
S_556_804,0.000008
S_628_811,0.000366
S_628_810,0.001974
S_702_850,0.000134
S_559_825,0.012038
S_702_853,0.001473
S_559_829,0.386023
S_509_538,0.000054
S_698_830,0.003999
S_698_836,0.000145
S_636_793,0.006505
S_636_790,0.002761
S_569_686,0.001205
S_592_607,0.005739
S_628_722,0.004452
S_599_810,0.006303
S_569_689,0.000183
S_628_725,0.004630
S_559_629,0.168524
S_629_701,0.019543
S_629_702,0.001844
S_562_722,0.043191
S_629_708,0.459932
S_636_779,0.009556
S_559_754,0.004303
S_553_636,0.001043
S_553_637,0.000116
S_731_804,0.000008
S_521_569,0.001743
S_612_701,0.002973
S_802_825,0.244909
S_671_686,0.000591
S_689_845,0.000046
S_580_686,0.000265
S_722_754,0.107895
S_689_842,0.008679
S_670_849,0.037853
S_720_737,0.009138
S_670_842,0.001322
S_670_845,0.000714
S_670_846,0.074523
S_553_836,0.000061
S_629_671,0.080819
S_553_830,1.000000
S_701_825,0.037543
S_628_849,0.008832
S_570_811,0.000023
S_570_810,0.002675
S_666_725,0.003378
S_666_721,0.003904
S_666_720,0.013944
S_666_722,0.003350
S_663_689,0.001021
S_628_666,0.001435
S_694_811,0.000002
S_695_720,0.002472
S_722_793,0.010575
S_521_671,0.007254
S_521_670,0.022719
S_667_836,0.000020
S_667_830,0.000562
S_577_592,0.012573
S_694_783,0.000140
S_577_599,0.002071
S_538_670,0.014623
S_536_637,0.005925
S_536_636,0.002977
S_521_580,0.000178
S_577_686,0.000094
S_793_810,0.004748
S_793_811,0.000869
S_577_689,0.002981
S_725_836,0.000227
S_802_845,0.000578
S_725_830,0.006262
S_511_810,0.007263
S_511_811,0.006575
S_507_737,0.000351
S_507_731,0.093432
S_577_663,0.320166
S_577_667,1.000000
S_577_666,0.005590
S_607_810,0.003511
S_607_811,0.003617
S_671_853,0.002176
S_536_702,0.009272
S_536_701,0.001773
S_671_850,0.000106
S_701_790,0.001644
S_701_793,0.003874
S_708_853,0.001703
S_708_850,0.000083
S_536_708,0.002182
S_802_846,0.001099
S_536_569,0.000670
S_607_786,0.004484
S_607_780,0.005477
S_536_562,0.095160
S_556_637,0.003773
S_607_783,0.001488
S_830_849,0.012971
S_521_853,0.004651
S_830_842,0.000250
S_521_850,0.000422
S_830_846,0.007299
S_830_845,0.012365
S_737_810,0.009553
S_737_811,0.000104
S_721_830,0.007237
S_694_765,0.000038
S_599_779,0.010253
S_765_849,0.000740
S_511_580,0.000229
S_754_850,0.000404
S_754_853,0.004452
S_765_842,0.000014
S_737_786,0.011365
S_737_780,0.001342
S_737_783,0.004336
S_651_671,0.009602
S_651_670,0.080711
S_658_754,0.001522
S_790_836,0.000098
S_580_720,0.024267
S_592_850,0.000135
S_592_853,0.002773
S_640_670,0.066336
S_512_612,0.000374
S_640_853,0.043438
S_640_850,0.002607
S_637_765,0.000379
S_549_708,0.051016
S_556_731,1.000000
S_790_830,0.002716
S_549_701,0.015353
S_549_702,0.001452
S_780_783,0.001227
S_640_698,0.008875
S_612_765,0.000459
S_640_695,0.054137
S_640_694,0.000045
S_810_845,0.002206
S_651_786,0.009557
S_651_780,0.335197
S_651_783,0.003172
S_810_842,0.000185
S_698_793,0.007289
S_810_849,0.009627
S_790_802,0.000409
S_562_698,0.324308
S_698_754,0.026264
S_562_694,0.000048
S_562_695,0.007465
S_569_853,0.000523
S_569_850,0.000025
S_549_836,0.001440
S_780_853,0.476124
S_780_850,0.001573
S_549_830,0.192876
S_790_811,0.000373
S_790_810,0.002015
S_825_853,0.001170
S_825_850,0.000057
S_556_636,0.053656
S_511_569,0.002240
S_686_754,0.000064
S_511_562,0.065026
S_721_811,0.005361
S_686_725,0.000057
S_731_853,0.001319
S_779_849,0.003330
S_779_842,0.000064
S_779_845,0.138832
S_779_846,0.001874
S_628_802,0.000400
S_570_754,0.000522
S_559_830,0.058687
S_628_804,0.000255
S_725_811,0.025465
S_698_804,0.000044
S_698_802,0.000602
S_636_786,0.210399
S_636_780,0.003964
S_592_670,0.014933
S_599_829,0.021629
S_636_783,0.338736
S_599_825,0.004797
S_628_737,0.000916
S_628_731,0.001535
S_689_846,0.002402
S_629_846,0.007136
S_629_845,0.055576
S_629_842,0.000244
S_686_721,0.000066
S_637_811,0.000889
S_637_810,0.004931
S_629_849,0.012682
S_721_850,0.000424
S_721_853,0.004671
S_731_811,0.000174
S_802_811,0.000045
S_802_810,1.000000
S_783_811,0.000095
S_509_612,0.000011
S_636_765,0.013373
S_686_720,0.002785
S_689_853,0.000728
S_689_850,0.000066
S_720_722,0.004711
S_592_708,0.028508
S_720_721,0.005491
S_720_725,0.004751
S_592_701,0.065400
S_670_853,0.021865
S_670_850,1.000000
S_592_702,0.002288
S_553_802,0.000215
S_553_804,0.000000
S_538_637,0.158218
S_538_636,0.000681
S_701_811,0.000182
S_538_562,0.002405
S_570_804,0.000001
S_538_569,0.000153
S_666_737,0.024166
S_666_731,0.011450
S_553_793,0.000112
S_553_790,0.000048
S_663_694,0.000016
S_663_695,0.009794
S_663_698,0.003777
S_521_663,0.006523
S_521_666,0.004109
S_521_667,0.001616
S_507_637,0.000093
S_507_636,0.004942
S_553_577,0.000181
S_553_570,0.007426
S_793_829,0.004425
S_521_599,0.001522
S_521_592,0.009241
S_536_629,0.002863
S_793_825,0.003274
S_577_694,0.000057
S_577_695,0.023795
S_577_698,0.011023
S_507_708,0.000677
S_511_829,0.006769
S_507_702,0.000027
S_511_825,0.005008
S_577_670,0.221220
S_577_671,0.009870
S_671_849,0.012354
S_670_686,0.000112
S_670_689,0.003558
S_671_845,0.011109
S_671_846,0.006952
S_577_580,0.000242
S_667_701,0.000341
S_536_570,0.000219
S_556_628,0.001510
S_556_629,0.019127
S_536_577,0.008759
S_607_779,0.001214
S_765_846,0.000417
S_836_849,0.000470
S_521_849,0.178541
S_521_845,0.000442
S_521_846,0.015338
S_765_845,0.000269
S_830_850,0.000111
S_521_842,0.004330
S_830_853,0.002285
S_694_754,0.000039
S_599_765,0.000770
S_725_829,0.004332
S_667_779,0.000144
S_725_825,0.003205
S_754_846,0.014683
S_521_570,0.000569
S_612_802,0.000984
S_754_842,0.024408
S_612_804,0.000002
S_737_779,0.050663
S_754_849,0.066820
S_651_663,0.027704
S_607_686,0.000043
S_651_666,0.005438
S_651_667,0.009057
S_607_689,0.033256
S_511_779,0.002512
S_512_607,0.004872
S_592_842,0.000303
S_640_666,0.004405
S_640_667,0.007444
S_592_846,0.008856
S_640_845,0.000474
S_640_846,0.383963
S_592_845,0.003415
S_640_849,0.025539
S_592_849,0.015738
S_702_708,0.001405
S_562_737,0.002986
S_640_689,0.002400
S_562_731,0.005005
S_640_686,0.000074
S_569_780,0.000892
S_651_793,0.047755
S_651_790,0.020695
S_569_786,0.294391
S_592_671,0.035915
S_689_694,0.000004
S_549_825,0.014758
S_549_829,0.052578
S_663_802,0.000447
S_663_804,0.000347
S_580_731,0.003920
S_612_628,0.000295
S_580_737,0.000492
S_783_825,0.023777
S_562_640,0.018027
S_553_701,0.000650
S_686_765,0.005422
S_570_580,0.000138
S_511_559,0.006027
S_562_569,0.001985
S_511_556,0.005557
S_511_553,0.000171
S_640_671,0.007777
S_637_779,0.001706
S_779_853,0.000587
S_779_850,0.000028
S_509_570,0.000007
S_628_836,0.000096
S_663_666,0.001602
S_628_830,0.002659
S_698_810,0.002968
S_698_811,0.122321
S_612_666,0.048233
S_592_666,0.022567
S_592_667,0.000682
S_592_663,0.003603
S_599_836,0.000468
S_629_850,0.000108
S_629_853,0.002234
S_569_849,0.002969
S_570_695,0.000244
S_570_694,0.000402
S_559_607,0.002913
S_637_802,0.001000
S_569_842,0.000057
S_569_845,0.000761
S_637_804,0.042836
S_570_698,0.000299
S_721_842,0.026323
S_731_825,0.114598
S_721_846,0.015406
S_538_754,0.001958
S_509_607,0.001685
S_702_725,0.015573
S_783_804,0.000004
S_636_754,0.007105
S_783_802,0.009606
S_731_829,0.014131
S_663_754,0.006244
S_722_779,0.001594
S_636_689,0.000811
S_721_802,0.001089
S_636_686,0.003662
S_553_810,0.000821
S_553_811,0.000005
S_538_628,0.003691
S_538_629,0.000654
S_509_511,0.003062
S_570_765,0.000327
S_538_577,0.012194
S_570_830,0.056980
S_570_836,0.000199
S_538_570,0.000050
S_666_702,0.001017
S_666_701,0.011541
S_731_737,0.007504
S_553_786,0.000977
S_553_780,0.000068
S_720_830,0.023976
S_553_783,0.000373
S_720_836,0.160965
S_521_612,0.000846
S_559_779,1.000000
S_549_666,0.131801
S_636_694,0.000390
S_549_667,0.000433
S_667_720,0.000427
S_725_810,0.004648
S_553_562,0.000152
S_538_607,0.001364
S_553_569,0.000284
S_628_829,0.001840
S_793_836,0.000232
S_793_830,0.006397
S_842_846,0.000893
S_521_721,0.043609
S_577_804,0.000844
S_521_722,0.035521
S_521_725,0.111436
S_577_802,0.001560
S_701_802,0.015167
S_701_804,0.000008
S_521_549,0.005865
S_511_836,0.000355
S_708_720,0.017614
S_694_695,0.000018
S_810_846,0.005417
S_577_640,0.055319
S_670_694,0.000068
S_670_695,0.028533
S_536_765,0.000167
S_671_780,0.003713
S_670_698,0.013154
S_671_786,0.027598
S_507_628,0.000037
S_507_629,0.000908
S_811_829,0.000208
S_509_708,0.000071
S_670_671,0.011722
S_556_612,0.002910
S_790_793,0.047131
S_836_853,0.000083
S_836_850,0.000004
S_695_754,0.006076
S_695_701,0.001973
S_701_702,0.001142
S_667_765,0.000032
S_725_850,0.000369
S_725_853,0.004063
S_612_810,0.003755
S_612_811,0.000033
S_737_765,0.001167
S_658_737,0.000186
S_658_731,0.000312
S_511_765,0.000558
S_607_694,0.000026
S_607_695,0.004233
S_686_811,0.000003
S_686_810,0.017315
S_607_698,0.018841
S_651_658,1.000000
S_512_671,0.003204
S_512_670,0.359937
S_640_836,0.000296
S_640_830,0.008165
S_599_629,0.028775
S_599_628,0.000531
S_549_722,0.004781
S_549_721,0.005572
S_549_720,0.018549
S_512_811,0.000504
S_512_810,0.002497
S_549_725,0.004821
S_702_779,0.000484
S_754_790,0.005168
S_562_725,0.140343
S_612_702,0.000209
S_562_720,0.006579
S_562_721,0.053026
S_694_830,0.002592
S_612_708,0.013451
S_512_701,0.002037
S_512_702,0.002314
S_512_708,0.002507
S_549_850,0.000085
S_549_853,0.001759
S_549_580,0.000999
S_663_810,0.002204
S_663_811,0.000450
S_580_722,0.000145
S_686_779,0.000192
S_562_658,0.001870
S_580_721,0.000169
S_580_725,0.000146
S_562_651,0.022097
S_612_636,0.004769
S_612_637,0.000738
S_698_790,0.003126
S_570_592,0.004141
S_511_549,0.007534
S_570_599,0.023521
S_637_708,0.004952
S_637_701,0.004024
S_637_702,0.004079
S_570_577,0.000775
S_592_658,0.000656
S_592_651,0.012232
S_599_845,0.003955
S_570_689,0.000060
S_599_846,0.001459
S_629_829,0.196880
S_599_842,0.000050
S_629_825,0.018786
S_599_849,0.002592
S_570_686,0.000068
S_559_612,0.012032
S_569_783,0.044316
S_637_836,0.000241
S_721_725,0.040549
S_569_836,0.108698
S_569_830,0.008651
S_637_830,0.006644
S_538_765,0.000038
S_783_830,0.011376
S_509_671,0.000091
S_509_670,0.000599
S_722_765,0.000354
S_720_810,0.051979
S_721_779,0.001858
S_811_853,0.000321
S_811_850,0.000029
S_636_698,0.004066
S_592_725,0.007597
S_636_695,0.003313
S_592_722,0.007534
S_592_721,0.008781
S_592_720,0.076164
S_538_612,0.000074
S_570_779,0.004972
S_628_825,0.001361
S_783_836,0.018845
S_570_825,0.002036
S_509_701,0.000058
S_509_702,0.000959
S_570_829,0.010488
S_686_829,0.000458
S_553_779,0.002042
S_521_607,0.029422
S_731_830,0.019688
S_559_765,0.001932
S_737_829,0.093431
S_731_836,0.005250
S_538_640,0.170211
S_553_686,0.000021
S_671_702,0.001796
S_553_689,0.000014
S_671_701,0.018367
S_811_836,0.000011
S_538_549,0.000515
S_521_731,0.004396
S_521_737,0.002623
S_577_810,0.007692
S_577_811,0.001314
S_538_811,0.000141
S_538_810,0.000497
S_599_612,0.029137
S_511_845,0.000568
S_786_846,0.006920
S_786_845,0.002624
S_511_846,0.019851
S_786_842,0.000237
S_511_842,1.000000
S_521_553,0.000133
S_511_849,0.087125
S_559_836,0.001175
S_786_849,0.012297
S_509_850,0.000011
S_509_853,0.000123
S_577_658,0.009107
S_536_779,0.000752
S_671_825,0.017655
S_671_790,0.002586
S_556_783,0.022190
S_671_793,0.006093
S_507_658,0.000008
S_507_651,0.000142
S_695_793,0.016883
S_607_754,0.093528
S_556_607,0.002686
S_570_612,0.108927
S_671_804,0.000013
S_701_721,0.004383
S_701_720,0.117562
S_701_722,0.003760
S_701_725,0.003792
S_694_737,0.080719
S_694_731,0.000241
S_599_708,0.020986
S_599_702,0.000377
S_599_701,0.004990
S_667_790,0.075664
S_667_793,0.031341
S_725_849,0.455713
S_725_846,0.013399
S_725_845,0.000363
S_725_842,0.004026
S_708_790,0.002024
S_708_793,0.004768
S_612_825,0.002858
S_737_754,0.002406
S_765_811,0.000017
S_765_810,0.216819
S_562_810,0.006437
S_658_725,0.001389
S_658_722,0.001335
S_612_829,0.013863
S_658_721,0.001597
S_507_509,0.000001
S_720_845,0.002110
S_686_802,0.007629
S_686_804,0.000000
S_599_804,0.000003
S_512_666,0.001814
S_512_667,0.022472
S_512_663,0.050571
S_640_825,0.004179
S_599_636,0.008004
S_599_637,0.001328
S_640_829,0.005648
S_512_804,0.000384
S_549_737,0.029873
S_512_802,0.000506
S_549_731,0.015232
S_612_731,0.002950
S_612_737,0.007876
S_511_629,0.009567
S_511_628,0.006860
S_549_846,0.005620
S_790_829,0.001878
S_549_845,0.009615
S_549_842,0.000192
S_663_829,0.002054
S_663_825,0.001520
S_790_825,0.001390
S_549_849,0.009987
S_698_780,0.004756
S_521_559,0.004691
S_686_708,0.000469
S_628_695,0.007202
S_628_694,0.000015
S_562_667,0.001901
S_562_666,0.004678
S_628_698,0.003069
S_562_663,0.007671
S_686_702,0.000017
S_511_536,0.029605
S_511_538,0.002647
S_722_802,0.000935
S_722_804,0.000064
S_521_556,0.004325
S_780_790,0.010261
S_780_793,0.023679
S_559_636,0.020089
S_559_637,0.004092
S_592_640,0.009907
S_599_853,0.000457
S_599_850,0.000022
S_577_651,0.067307
S_629_836,0.001834
S_629_830,0.089955
S_549_599,0.079618
S_637_825,0.003401
S_569_829,0.006209
S_637_829,0.004596
S_549_592,0.030021
S_569_825,0.018915
S_569_790,0.000621
S_569_793,0.001464
S_509_666,0.000051
S_509_667,0.000043
S_636_737,0.012132
S_636_731,0.054251
S_509_663,0.000172
S_731_810,0.123286
S_720_779,0.007198
S_663_779,0.000762
S_592_731,0.405278
S_811_846,0.001058
S_811_842,0.000532
S_592_737,0.014790
S_811_849,0.040799
S_570_780,0.000291
S_629_636,0.031349
S_629_637,0.006496
S_570_786,0.003182
S_628_671,0.002533
S_628_670,0.073271
S_559_577,0.006382
S_628_850,0.006648
S_628_853,0.005519
S_636_640,0.008303
S_512_636,0.003420
S_783_810,0.028268
S_553_765,0.000100
S_553_721,0.000127
S_689_790,0.000845
S_689_793,0.001971
S_765_830,0.003062
S_521_637,0.012879
S_521_636,0.007745
S_671_829,0.060750
S_702_830,0.001886
S_538_779,0.000172
S_559_793,0.003940
S_559_842,0.000154
S_731_849,0.007486
S_836_842,0.000009
S_731_845,0.001733
S_702_836,0.000068
S_731_846,0.004212
S_731_842,0.000144
S_695_811,0.000438
S_695_810,0.002418
S_553_694,0.000165
S_553_695,0.000057
S_790_849,0.008995
S_577_825,0.005304
S_538_559,0.000412
S_521_701,0.004613
S_538_802,0.000101
S_538_556,0.000380
S_538_804,1.000000
S_538_553,0.000012
S_536_695,0.002920
S_536_694,0.000016
S_511_853,0.006019
S_511_850,0.000546
S_790_842,0.000314
S_536_670,0.010452
S_536_698,0.053815
S_509_842,0.000248
S_509_846,0.000404
S_509_845,0.000006
S_509_849,1.000000
S_577_629,0.010132
S_577_628,0.186613
S_725_783,0.001970
S_671_811,0.000287
S_671_810,0.023198
S_671_765,0.002834
S_849_850,0.000703
S_612_667,0.000062
S_849_853,0.007749
S_720_829,0.017209
S_640_779,0.002096
S_720_825,0.043721
S_507_640,0.000115
S_556_671,0.017976
S_556_670,0.006989
S_695_779,0.000836
S_701_731,0.035425
S_701_737,0.007563
S_599_731,0.004951
S_694_725,0.000035
S_599_737,0.012289
S_694_720,0.000294
S_694_721,0.000040
S_667_783,0.000177
S_667_780,0.004491
S_666_836,0.001083
S_667_786,0.000533
S_708_786,0.021906
S_628_720,0.002018
S_708_783,0.008358
S_708_780,0.002905
S_666_830,0.445096
S_556_708,0.014268
S_765_804,0.000001
S_556_562,0.004925
S_765_802,0.130091
S_511_708,0.007293
S_556_701,0.035037
S_556_702,0.001071
S_511_702,0.081179
S_511_701,0.005926
S_507_512,0.000047
S_686_836,0.000354
S_507_511,0.000138
S_686_830,0.000638
S_512_651,0.030674
S_640_811,0.001058
S_640_810,0.006060
S_592_811,0.000365
S_592_810,0.213208
S_599_607,0.000945
S_562_708,0.006464
S_612_725,0.000696
S_612_720,0.003592
S_612_721,0.000804
S_562_702,0.020365
S_658_667,0.001225
S_658_666,0.000292
S_511_636,0.009950
S_511_637,0.016668
S_754_786,0.006624
S_754_780,0.007863
S_754_783,0.002199
S_701_810,0.044633
S_640_783,0.002569
S_512_725,0.006383
S_640_780,0.082476
S_512_722,0.006137
S_512_721,0.007339
S_512_720,0.002552
S_612_830,0.070584
S_612_836,0.000279
S_512_829,0.002327
S_580_708,0.000949
S_663_836,0.000108
S_570_802,0.000701
S_580_702,0.000044
S_720_802,0.017663
S_695_765,0.000186
S_790_853,0.005606
S_562_670,0.026719
S_556_850,0.000063
S_556_853,0.001298
S_549_698,0.003079
S_640_765,0.000466
S_628_689,0.000830
S_549_695,0.002509
S_549_694,0.002016
S_511_521,0.053478
S_536_830,0.002928
S_708_731,0.014464
S_536_836,0.000106
S_637_722,0.010818
S_637_721,0.012936
S_637_720,0.005041
S_637_725,0.011250
S_779_802,0.001971
S_512_830,0.003364
S_512_836,0.000122
S_695_850,0.001121
S_698_849,0.127162
S_722_811,0.004367
S_780_786,0.003695
S_698_842,0.002773
S_698_846,0.008881
S_698_845,0.000232
S_765_779,0.000919
S_629_802,0.006467
S_629_804,0.000013
S_780_830,0.003898
S_569_811,0.000069
S_569_810,0.022487
S_569_765,0.004400
S_637_850,0.002263
S_637_853,0.039004
S_783_786,0.102629
S_636_725,0.006367
S_636_722,0.006314
S_636_720,0.170906
S_636_721,0.007359
S_629_793,0.006255
S_569_580,0.012900
S_629_790,0.002655
S_663_765,0.000169
S_720_765,0.010170
S_670_810,0.009135
S_670_811,0.001568
S_570_793,0.000478
S_570_790,0.000203
S_559_569,0.005460
S_628_846,0.018810
S_628_663,0.498596
S_628_845,0.000154
S_559_562,0.005341
S_628_667,0.074939
S_636_658,0.000550
S_509_725,0.104680
S_636_651,0.010251
S_509_722,0.002034
S_509_721,0.002497
S_509_720,0.000072
S_553_754,0.000122
S_689_786,0.000756
S_689_783,0.000251
S_689_780,0.001286
S_651_725,0.016413
S_521_628,0.005301
S_521_629,0.007447
S_559_783,0.007180
S_559_780,0.002401
S_509_658,0.000042
S_559_786,0.018819
S_538_708,0.000499
S_765_793,0.000365
S_509_651,0.000495
S_569_612,0.001296
S_538_701,0.000405
S_721_810,0.005372
S_731_850,0.000064
S_538_702,0.000648
S_577_702,0.006031
S_577_701,0.006276
S_577_708,0.007724
S_658_720,0.000410
S_695_802,0.000490
S_569_570,0.000923
S_695_804,0.002682
S_577_836,0.000376
S_577_830,0.010363
S_701_853,0.001384
S_701_850,0.000067
S_538_836,0.000024
S_720_790,0.002060
S_538_830,0.000669
S_536_686,0.000027
S_521_577,0.019038
S_536_689,0.005390
S_577_636,0.010537
S_577_637,0.048030
S_725_793,0.010997
S_725_790,0.004716
S_536_754,0.022705
S_637_846,0.356908
S_671_802,0.006078
S_671_779,0.028798
S_783_790,0.000854
S_507_671,0.000853
S_507_670,0.000173
S_562_849,0.224857
S_562_846,0.018039
S_562_845,0.000503
S_507_853,0.000032
S_562_842,0.005265
S_507_850,0.000002
S_556_666,0.011295
S_556_667,0.000319
S_556_663,0.001686
S_507_698,0.000056
S_695_708,0.002429
S_701_708,0.014579
S_507_695,0.000046
S_507_694,0.000011
S_695_702,0.002011
S_599_725,0.001251
S_599_720,0.006029
S_599_721,0.001446
S_599_722,0.001241
S_786_829,0.021402
S_786_825,0.054115
S_607_640,0.010221
S_511_731,0.005647
S_511_737,0.003369
S_658_701,0.000328
S_658_702,0.000504
S_629_666,0.056587
S_658_708,0.000403
S_686_825,0.016095
S_509_521,0.014882
S_708_754,0.005208
S_507_521,0.000107
S_512_640,0.025210
S_702_845,0.000109
S_640_804,0.046083
S_592_804,0.000017
S_592_802,0.093939
S_640_802,0.001229
S_536_538,0.000941
S_607_737,0.001629
S_671_722,0.005914
S_607_731,0.002730
S_722_731,0.003584
S_658_670,0.010920
S_658_671,0.000515
S_511_607,0.356134
S_651_754,0.017986
S_559_811,0.000185
S_754_793,0.012052
S_725_780,0.007175
S_512_731,0.001941
S_512_737,0.001158
S_640_790,0.017009
S_556_765,0.038283
S_640_793,0.039250
S_612_845,0.002535
S_612_846,0.000811
S_765_836,0.001294
S_612_842,0.000028
S_663_845,0.000172
S_825_829,0.013691
S_663_846,0.025579
S_580_779,0.000388
S_663_842,0.000380
S_790_846,0.019108
S_536_628,0.002439
S_790_845,0.000158
S_663_849,0.010868
S_556_842,0.000142
S_686_722,0.000057
S_562_607,0.035776
S_556_830,0.019421
S_556_846,0.004145
S_549_689,0.000614
S_612_663,0.000330
S_556_845,0.001709
S_511_512,0.009456
S_549_686,0.000494
S_556_849,0.007366
S_651_850,0.003172
S_536_829,0.002025
S_651_853,0.168899
S_698_825,0.002047
S_536_825,0.001499
S_637_737,0.002288
S_637_731,0.003835
S_779_810,0.007524
S_754_810,0.005186
S_512_825,0.001722
S_549_637,0.005116
S_722_825,0.003178
S_580_592,0.007236
S_689_779,0.000205
S_580_599,0.000325
S_698_850,0.000244
S_722_829,0.004296
S_698_853,0.002693
S_802_829,0.004713
S_580_607,0.000111
S_628_786,0.002521
S_628_780,0.010101
S_628_783,0.000837
S_569_577,0.002372
S_629_810,0.024683
S_629_811,0.000294
S_569_804,0.000003
S_783_793,0.002013
S_721_754,0.395965
S_637_845,0.000386
S_637_842,0.000750
S_569_802,0.007642
S_569_779,0.002597
S_637_849,0.021458
S_569_599,0.002175
S_569_592,0.032950
S_629_786,0.029366
S_629_780,0.003811
S_779_811,0.000077
S_570_637,0.000497
S_570_636,0.003397
S_658_793,0.006461
S_670_829,0.008514
S_720_754,0.005301
S_846_850,0.002928
S_670_825,0.006299
S_592_754,0.008478
S_658_790,0.002800
S_628_658,0.002756
S_507_701,0.003227
S_628_651,0.020372
S_509_731,0.000055
S_509_737,0.000033
S_636_667,0.000572
S_636_666,0.018512
S_636_663,0.003019
S_580_829,0.000927
S_721_737,0.002492
S_580_825,0.004154
S_666_671,0.146813
S_666_670,0.006639
S_721_804,0.000076
S_509_640,0.000404
S_569_607,0.001083
S_666_850,0.000060
S_577_737,0.003568
S_577_731,0.005981
S_731_802,0.054319
S_666_698,0.002157
S_695_836,0.000118
S_666_695,0.001758
S_666_694,0.001631
S_695_830,0.003258
S_521_765,0.000435
S_701_845,0.001746
S_701_846,0.004420
S_538_825,0.000343
S_701_842,0.000151
S_538_829,0.000463
S_701_849,0.007855
S_577_607,0.012695
S_804_850,0.000040
S_804_853,0.002152
S_562_850,0.000496
S_507_666,0.000536
S_507_667,0.000008
S_507_845,0.000081
S_507_846,0.000103
S_507_663,0.000042
S_507_849,0.000182
S_720_804,0.000010
S_671_842,0.000238
S_802_830,0.006567
S_536_786,0.002776
S_536_783,0.000921
S_536_780,0.003779
S_507_689,0.000011
S_694_708,0.104674
S_507_686,1.000000
S_694_701,0.000243
S_694_702,0.000010
S_670_702,0.007196
S_670_701,0.007453
S_786_836,1.000000
S_670_708,0.009173
S_786_830,0.029818
S_511_725,0.049725
S_658_845,0.000031
S_607_651,0.012529
S_511_720,0.007424
S_511_721,0.170910
S_511_722,0.389653
S_556_725,0.003556
S_556_722,0.003526
S_556_721,0.004110
S_556_720,0.040803
S_686_850,0.000001
S_507_536,0.000041
S_507_538,0.000009
S_592_830,0.038803
S_592_836,0.009692
S_599_667,0.000112
S_599_666,1.000000
S_786_853,0.002166
S_599_663,0.000593
S_556_658,0.000307
S_556_651,0.005725
S_607_725,0.027358
S_607_722,1.000000
S_607_720,0.003588
S_607_721,0.100864
S_698_786,0.003791
S_512_698,0.004231
S_512_695,0.010844
S_512_694,0.000019
S_651_765,0.000575
S_694_810,0.000307
S_829_830,0.067617
S_829_836,0.001336
S_686_701,0.002392
S_765_829,0.002197
S_765_825,1.000000
S_512_580,0.000079
S_612_853,0.000254
S_612_850,0.000012
S_637_698,0.007457
S_663_853,0.007505
S_663_850,0.010077
S_651_811,0.001296
S_651_810,0.007483
S_825_836,0.005563
S_580_765,0.000966
S_825_830,0.019075
S_637_695,0.048611
S_637_694,0.000037
S_549_671,0.447410
S_549_670,0.009476
S_686_737,0.000243
S_562_612,0.000963
S_686_731,0.080233
S_612_670,0.001367
S_612_671,0.243601
S_779_829,0.290943
S_666_853,0.001233
S_536_811,0.017266
S_536_810,0.002173
S_708_765,0.002249
S_580_612,0.000193
S_592_695,0.003953
S_592_694,0.000476
S_628_793,0.046529
S_628_790,1.000000
S_592_698,0.004852
S_549_786,0.023069
S_549_780,0.003001
S_549_783,0.008802
S_836_845,0.000164
S_721_765,0.000413
S_836_846,0.000265
S_570_628,0.000199
S_570_629,0.013953
S_663_708,0.002213
S_629_779,0.106758
S_694_846,0.000040
S_694_845,0.004063
S_663_702,0.002066
S_694_842,0.000001
S_663_701,0.001798
S_670_836,0.000446
S_670_830,0.012308
S_592_765,0.066766
S_628_640,0.016744
S_722_830,0.006210
S_722_836,0.000225
S_804_829,0.000010
S_636_670,0.012515
S_636_671,0.029462
S_553_737,0.002448
S_553_731,0.000645
S_629_686,0.000628
S_702_825,0.000965
S_702_829,0.001304
S_629_689,0.000780
S_580_830,0.001291
S_580_836,0.005486
S_538_722,0.001718
S_538_721,0.002054
S_538_720,0.000508
S_636_708,0.023385
S_666_845,0.007778
S_538_725,0.001786
S_569_637,0.001521
S_569_636,0.090853
S_636_701,0.419691
S_636_702,0.001917
S_689_698,0.006235
S_553_640,0.000143
S_666_689,0.000430
S_695_825,0.001668
S_695_829,0.002254
S_666_686,0.000371
S_689_695,0.000994
S_521_779,0.001955
S_538_850,0.000575
S_538_853,0.016082
S_538_580,0.000016
S_667_689,0.000253
S_509_811,0.003401
S_509_810,0.000071
S_577_612,0.001151
S_689_721,1.000000
S_754_845,0.000406
S_671_754,0.006655
S_671_830,0.214845
S_804_842,0.000004
S_804_846,0.341292
S_804_845,0.000001
S_562_825,0.004439
S_720_811,0.000228
S_507_836,0.000478
S_507_830,0.000922
S_577_720,0.007862
S_577_721,0.019123
S_577_722,0.015992
S_562_829,0.005999
S_577_725,0.016631
S_536_790,0.002484
S_536_793,0.005792
S_701_765,0.008732
S_695_722,0.005332
S_695_721,0.006376
S_667_842,0.000094
S_667_845,0.000033
S_695_725,0.005545
S_667_846,0.008362
S_667_849,0.002693
S_651_702,0.005951
S_670_737,0.004238
S_786_802,0.021862
S_670_731,0.007103
S_786_804,0.000013
S_607_667,0.001078
S_607_666,0.002552
S_607_663,0.004350
S_556_737,0.007402
S_721_722,0.116358
S_686_846,0.000067
S_686_845,0.000056
S_686_842,0.000002
S_708_779,0.076013
S_786_793,0.006065
S_786_790,0.002574
S_507_549,0.000713
S_686_849,0.000118
S_592_825,0.198184
S_721_731,0.004177
S_592_829,0.027852
S_599_670,0.002460
S_599_671,0.088687
S_556_640,0.004637
S_725_754,0.038137
S_651_779,0.002588
S_512_686,0.000031
S_512_689,0.001144
S_511_667,0.002092
S_511_666,0.005279
S_511_663,0.008442
S_562_592,0.010522
S_562_599,0.001733
S_829_845,1.000000
S_829_846,0.005049
S_829_850,0.000077
S_829_842,0.000173
S_512_754,0.006994
S_829_849,0.008973
S_512_599,0.000672
S_658_850,0.000429
S_658_853,0.067826
S_512_592,0.004081
S_562_629,0.008479
S_562_628,0.006234
S_637_689,0.002017
S_580_754,0.000163
S_651_802,0.001518
S_637_686,0.000061
S_612_640,0.000907
S_592_599,0.009758
S_651_804,0.007240
S_549_663,0.002286
S_640_754,0.014673
S_628_842,0.000308
S_536_802,0.000441
S_536_804,0.000035
S_779_836,0.000559
S_779_830,0.032053
S_640_842,0.000892
S_702_842,0.012503
S_592_689,0.000968
S_640_663,0.022769
S_592_686,0.481742
S_783_829,0.008165
S_607_670,0.015149
S_663_670,0.111063
S_580_629,0.001272
S_580_628,0.000062
S_686_698,0.000036
S_549_793,0.004926
S_549_790,0.002091
S_569_754,0.001599
S_686_695,0.000030
S_686_694,0.000008
S_694_850,0.000001
S_698_731,0.002308
S_559_689,0.000491
S_694_853,0.000013
S_663_737,0.001022
S_629_765,0.003015
S_720_731,0.041256
S_559_686,0.000403
S_592_779,0.011649
S_507_842,0.000004
S_628_637,0.014538
S_628_636,0.002704
S_722_849,0.057870
S_651_836,0.000365
S_722_845,0.000360
S_722_846,0.012884
S_562_636,0.008818
S_722_842,0.132819
S_509_754,0.002349
S_670_804,0.001012
S_553_725,0.000110
S_553_722,0.000109
S_553_720,0.000786
S_612_651,0.001120
S_629_694,1.000000
S_629_695,0.003186
S_559_845,0.184202
S_559_599,0.018773
S_559_846,0.004495
S_559_849,0.007989
S_651_830,0.010081
S_559_592,0.024490
S_629_698,0.003910
S_580_804,0.000000
S_580_802,0.001678
S_689_754,0.205159
S_721_825,0.003704
S_538_737,0.000230
S_538_731,0.000386
S_569_628,0.000609
S_569_629,0.008519
S_721_829,0.005007
S_521_695,0.006347
S_521_694,0.000042
S_521_698,1.000000
S_553_651,0.000176
S_666_802,0.003819
S_695_853,1.000000
S_553_658,0.000009
S_538_599,0.000134
S_538_592,0.000812
S_570_783,0.001214
S_538_846,0.658708
S_538_845,0.000039
S_538_842,0.000119
S_720_793,0.004853
S_731_790,0.001567
S_731_793,0.003692
S_538_849,0.003407
S_667_698,0.000936
S_667_694,0.000003
S_667_695,0.003202
S_509_804,0.000002
S_509_802,0.000014
S_694_802,0.000081
S_671_725,0.005964
S_671_721,0.006893
S_671_720,0.022191
S_658_825,0.000277
S_810_850,0.000082
S_636_849,0.013189
S_636_846,0.007422
S_636_845,0.002801
S_636_842,0.000254
S_559_570,0.009103
S_562_836,0.000314
S_507_825,0.020293
S_562_830,0.008672
S_577_754,0.018225
S_507_829,0.000661
S_811_830,0.000301
S_667_853,0.002453
S_667_850,0.004478
S_695_737,0.001122
S_695_731,0.001880
S_701_779,0.005958
S_670_720,0.009338
S_670_721,0.022819
S_670_722,0.019083
S_670_725,0.019846
S_536_651,0.008644
S_786_810,0.064335
S_786_811,0.000285
S_536_658,0.000731
S_599_790,0.000543
S_599_793,0.001278
S_507_556,0.092908
S_507_553,0.000030
S_507_559,0.000582
S_599_640,0.001632
S_607_701,0.002864
S_607_702,0.047909
S_725_765,0.000357
S_607_708,0.003525
S_651_708,0.007514
S_651_846,0.184918
S_651_701,0.006105
S_511_670,0.029403
S_511_671,0.009320
S_562_580,0.000203
S_829_853,0.001581
S_512_765,0.000192
S_521_830,0.007617
S_521_836,0.000276
S_512_562,0.008593
S_658_829,0.000374
S_512_569,0.000770
S_607_671,0.004505
S_637_671,0.006328
S_637_670,0.057595
S_612_658,0.000060
S_698_737,0.001377
S_512_780,0.015209
S_512_783,0.001058
S_562_637,0.015146
S_556_811,0.000171
S_556_810,0.122252
S_512_786,0.003189
S_640_725,0.013390
S_640_721,0.015396
S_640_720,0.006195
S_549_651,0.007762
S_640_722,0.012875
S_811_845,0.000017
S_549_658,0.000416
S_612_629,0.018442
S_702_793,0.003988
S_702_790,0.001710
S_790_804,0.000259
S_658_846,0.040605
S_580_636,1.000000
S_580_637,0.000155
S_637_786,0.006299
S_637_780,0.074058
S_637_783,0.002091
S_658_842,0.000093
S_721_780,0.008250
S_721_783,0.002277
S_686_689,0.000007
S_559_790,0.001672
S_569_725,0.001433
S_754_804,0.000073
S_569_721,0.001656
S_569_720,1.000000
S_569_722,0.001421
S_607_658,0.001060
S_694_825,0.000234
S_663_725,0.005698
S_629_754,0.006832
S_559_698,0.002463
S_663_721,0.006552
S_663_722,0.005479
S_570_607,0.000354
S_559_694,0.012320
S_559_695,0.002007
S_666_793,0.003451
S_694_829,0.014393
S_592_780,0.004730
S_592_783,0.041421
S_658_849,0.002649
S_592_786,0.094269
S_509_580,0.000002
S_721_786,0.006861
S_722_853,0.003907
S_722_850,0.000355
S_628_629,0.002600
S_509_569,0.000022
S_538_698,0.001184
S_686_853,0.000021
S_509_562,0.018742
S_538_695,0.020043
S_538_694,0.000004
S_559_580,0.000815
S_559_853,0.001407
S_559_850,0.000068
S_702_804,0.000024
S_702_802,0.000284
S_580_810,0.004938
S_580_811,0.000007
S_810_853,0.001696
S_842_853,0.000271
S_509_695,0.000167
S_509_694,0.000001
S_569_651,0.002307
S_569_658,0.000124
S_628_754,0.005074
S_509_698,0.010599
S_521_686,0.000069
S_521_689,0.009736
S_553_667,0.000010
S_553_666,0.132151
S_695_845,0.000189
S_553_663,0.000052
S_695_849,0.010576
S_521_754,0.041015
S_720_780,0.002957
S_720_783,0.083365
S_720_786,0.435946
S_731_786,0.051063
S_731_783,0.022436
S_509_765,0.000005
S_509_830,0.000095
S_509_836,0.000003
S_663_720,0.002253
S_671_731,0.018223
S_636_850,0.000113
S_636_853,0.002324
S_562_802,0.001305
S_507_811,0.000004
S_507_810,0.021831
S_562_804,0.000089
S_698_783,0.001258
S_689_765,0.000046
S_689_849,0.015862
S_708_802,0.004824
S_708_804,0.000010
S_577_829,0.007169
S_670_754,0.021748
S_507_783,0.002044
S_536_640,0.007052
S_507_780,0.000055
S_521_538,0.002045
S_507_786,0.004652
S_521_536,0.075559
S_793_842,0.000733
S_793_845,0.000371
S_793_846,0.044094
S_599_786,0.007498
S_556_754,0.003968
S_599_783,0.002861
S_599_780,0.000779
S_507_562,0.000122
S_670_802,0.001853
S_553_698,0.000070
S_507_765,0.006836
S_695_698,0.003675
S_599_651,0.002015
S_599_658,0.000108
S_607_846,0.010228
S_607_845,0.000275
S_607_842,0.121394
S_765_850,0.000006
S_689_702,0.136133
S_511_612,0.001087
S_607_849,0.047934
S_521_702,0.016748
S_599_830,0.325971
S_511_640,0.019838
S_765_780,0.000222
S_765_783,0.005531
S_765_786,0.012587
S_521_829,0.005269
S_830_836,0.001862
S_512_779,0.000863
S_521_825,0.003899
S_737_846,0.002513
S_512_570,0.000251
S_512_577,0.100729
S_658_836,0.000020
S_521_708,0.005677
S_658_830,0.000541
S_651_689,0.002942
S_698_722,0.022746
S_637_663,0.019769
S_698_720,0.003034
S_698_721,0.027926
S_637_666,0.003584
S_637_667,0.006463
S_698_725,0.079367
S_549_640,0.006287
S_512_793,1.000000
S_512_790,0.033795
S_556_802,0.053864
S_640_737,0.002811
S_640_731,0.004712
S_511_790,0.006987
S_511_793,0.016293
S_702_780,0.002602
S_702_783,0.000593
S_702_786,0.001788
S_612_790,0.000302
S_612_793,0.000711
S_580_640,0.000191
S_521_562,0.401816
S_637_793,0.034078
S_637_790,0.014768
S_721_793,0.012645
S_721_790,0.005423
S_569_737,0.003297
S_569_731,0.017848
S_569_846,0.001671
S_793_849,0.020976
S_694_836,0.000023
S_559_663,0.001829
S_570_671,1.000000
S_570_670,0.000920
S_559_667,0.000346
S_559_666,0.036918
S_592_793,0.007762
S_592_790,0.003295
S_780_802,0.000587
S_780_804,0.004085
S_725_786,0.005936
S_509_592,0.000116
S_721_845,0.000420
S_580_793,0.000150
S_509_599,0.000019
S_580_790,0.000064
S_802_804,0.000002
S_686_786,0.003447
S_686_780,0.000036
S_686_783,0.001515
S_570_708,0.010176
S_721_849,0.071047
S_538_689,0.000320
S_553_702,0.000033
S_570_701,0.002118
S_702_811,0.002059
S_538_686,0.000006
S_570_702,0.000141
S_553_708,0.004180
S_509_577,0.000502
S_509_689,0.000558
S_666_811,0.000162
S_666_810,0.014576
S_509_686,0.000001
S_842_845,0.000014
S_694_786,0.000366
S_569_640,0.001869
S_628_765,0.000152
S_842_849,0.007055
S_553_670,0.000215
S_553_671,0.028000
S_689_802,0.000120
S_689_804,0.000012
S_666_783,0.006616
S_702_722,0.055268
S_666_780,0.002103
S_509_779,0.000024
S_509_825,0.000049
S_667_670,0.049354
S_667_671,0.000536
S_521_786,0.007221
S_521_783,0.002397
S_509_829,0.000066
S_521_780,0.008214
S_570_850,0.000008
S_570_853,0.000171
S_671_708,0.058944
S_666_765,0.001781
S_731_754,0.004032
S_636_825,0.057494
S_720_849,0.009841
S_804_811,0.000005
S_804_810,0.000010
S_507_804,0.000000
S_720_842,0.000189
S_636_829,0.022847
S_562_811,1.000000
S_507_802,0.009619
S_577_779,0.002660
S_663_731,0.001714
S_708_810,0.018413
S_708_811,0.000224
S_612_779,0.006572
S_507_580,0.000357
S_701_754,0.004231
S_577_790,0.188418
S_577_793,0.140479
S_556_580,0.003877
S_666_825,0.011093
S_507_790,0.000038
S_536_671,0.002789
S_507_793,0.000090
S_793_853,0.012937
S_793_850,0.108533
S_670_793,0.443434
S_556_569,0.017653
S_667_708,0.000419
S_667_702,0.000512
S_507_577,0.000146
S_507_570,0.000098
S_507_779,0.000277
S_607_850,0.000281
S_607_853,0.003101
S_536_580,0.000068
S_556_695,0.001850
S_556_694,0.000238
S_509_512,0.000193
S_666_829,0.042535
S_556_698,0.002271
S_651_722,0.015782
S_651_721,0.018872
S_651_720,0.007648
S_511_651,0.024316
S_599_689,0.000159
S_599_686,0.000160
S_765_790,0.000155
S_511_658,0.002057
S_754_765,0.000399
S_666_708,0.041271
S_779_825,0.005726
S_737_850,0.000038
S_737_853,0.000787
S_521_811,0.151555
S_521_810,0.005653
S_658_802,0.000081
S_658_804,0.001590
S_695_780,0.523876
S_607_612,0.000526
S_512_549,0.002590
S_640_708,0.006086
S_556_836,0.005192
S_637_651,0.131256
S_754_811,0.005042
S_640_702,0.004855
S_640_701,0.004945
S_549_636,0.024627
S_637_658,0.028822
S_536_853,0.002140
S_694_722,0.000034
S_536_850,0.000194
S_511_786,0.009277
S_695_846,0.068486
S_698_765,0.000228
S_511_783,0.003079
S_511_780,0.010631
S_612_786,0.004467
S_695_842,0.000369
S_612_783,0.001704
S_612_780,0.000433
S_580_658,0.000013
S_580_651,0.000236
S_569_702,0.000432
S_569_701,0.062495
S_569_708,0.006355
S_780_845,0.000226
S_570_666,0.038937
S_570_667,0.000042
S_559_670,0.007580
S_559_671,0.052727
S_570_663,0.000222
S_786_850,0.000105
S_780_810,0.002893
S_780_811,0.000567
S_549_562,0.006677
S_780_842,0.000478
S_549_569,0.006693
S_580_780,0.000091
S_580_783,0.107894
S_580_786,0.029875
S_686_793,0.000058
S_686_790,0.000025
S_538_671,0.000637
S_629_640,0.007983
S_553_845,0.000788
S_553_842,0.000004
S_509_549,0.000073
S_553_849,0.000227
S_663_671,0.002828
S_850_853,0.000859
S_651_731,0.005818
S_666_804,0.000007
S_825_845,0.001679
S_569_671,0.008007
S_569_670,0.002817
S_592_637,0.008061
S_592_636,0.100155
S_628_779,0.000683
S_629_737,0.354674
S_825_846,0.003736
S_629_731,0.019390
S_694_804,0.000000
S_559_708,0.119990
S_559_702,0.001161
S_553_607,0.000083
S_559_701,0.012524
S_783_850,0.000035
S_783_853,0.000719
S_538_786,0.000635
S_538_780,0.030534
S_538_783,0.000211
S_802_853,0.000344
S_802_850,0.000017
S_689_810,0.000592
S_689_811,0.001197
S_509_780,0.000217
S_509_783,0.000030
S_666_790,0.001465
S_731_780,0.002250
S_509_786,0.000090
S_636_637,0.006756
S_694_790,0.000015
S_521_790,0.005399
S_521_793,0.012589
S_570_842,0.000019
S_666_779,0.020163
S_570_846,0.000546
S_570_845,0.001918
S_553_846,0.000128
S_570_849,0.000970
S_636_836,0.038634
S_636_830,0.031831
S_720_850,0.000084
S_720_853,0.001734
S_577_765,0.000591
S_553_599,0.096782
S_689_701,0.000483
S_689_708,0.000594
S_553_592,0.001272
S_708_825,0.014014
S_667_804,0.000114
S_708_829,0.140180
S_667_802,0.000085
S_765_853,0.000130
S_702_810,0.001400
S_577_783,0.003261
S_577_780,0.033373
S_577_786,0.009824
S_629_783,0.011204
S_556_592,0.403008
S_670_779,0.003159
S_536_663,0.003001
S_556_599,0.004884
S_536_666,0.001579
S_536_667,0.000743
S_509_536,0.082118
S_512_658,0.004150
S_667_737,0.000194
S_670_790,0.074219
S_556_570,0.002073
S_708_737,1.000000
S_556_577,0.005885
S_667_731,0.000325
S_671_737,0.034515
S_556_689,0.000453
S_607_829,0.003272
S_694_849,0.000072
S_536_599,0.000585
S_607_825,0.002421
S_536_592,0.003552
S_556_686,0.079784
S_722_790,0.004535
S_722_725,0.033028
S_658_811,0.000110
S_754_779,0.001794
S_651_737,0.003471
S_599_694,0.000829
S_599_695,0.000651
S_599_698,0.000799
S_512_559,0.002072
S_521_802,0.001147
S_521_804,0.000076
S_737_825,0.007270
S_512_553,0.000059
S_512_556,0.001910
S_695_786,0.003089
S_658_810,0.000401
S_556_779,0.005831
S_695_783,0.001025
S_607_629,0.004625
S_607_628,0.003535
